{
  "observation.state": {
    "mean": [
      -0.12133651226758957,
      -1.2652649879455566,
      1.3877891302108765,
      -1.621814489364624,
      -1.5167076587677002,
      -0.13160741329193115,
      0.3659340739250183
    ],
    "std": [
      0.11875492334365845,
      0.23603422939777374,
      0.31051185727119446,
      0.15671886503696442,
      0.04545561224222183,
      0.12755218148231506,
      0.48169106245040894
    ],
    "min": [
      -0.330097496509552,
      -1.5708564519882202,
      0.8428144454956055,
      -1.8712395429611206,
      -1.5708874464035034,
      -0.35244208574295044,
      0.0
    ],
    "max": [
      2.3968450477696024e-05,
      -0.9484022259712219,
      1.8106989860534668,
      -1.2897342443466187,
      -1.446750521659851,
      8.388957940042019e-05,
      1.0
    ]
  },
  "action": {
    "mean": [
      -0.12133651226758957,
      -1.2652649879455566,
      1.3877891302108765,
      -1.621814489364624,
      -1.5167076587677002,
      -0.13160741329193115,
      0.3659340739250183
    ],
    "std": [
      0.11875492334365845,
      0.23603422939777374,
      0.31051185727119446,
      0.15671886503696442,
      0.04545561224222183,
      0.12755218148231506,
      0.48169106245040894
    ],
    "min": [
      -0.330097496509552,
      -1.5708564519882202,
      0.8428144454956055,
      -1.8712395429611206,
      -1.5708874464035034,
      -0.35244208574295044,
      0.0
    ],
    "max": [
      2.3968450477696024e-05,
      -0.9484022259712219,
      1.8106989860534668,
      -1.2897342443466187,
      -1.446750521659851,
      8.388957940042019e-05,
      1.0
    ]
  }
}